poi,salary,to_messages,deferral_payments,total_payments,exercised_stock_options,bonus,restricted_stock,shared_receipt_with_poi,restricted_stock_deferred,total_stock_value,expenses,loan_advances,from_messages,other,from_this_person_to_poi,director_fees,deferred_income,long_term_incentive,from_poi_to_this_person
0.0,-0.045944377931914228,-0.55295371048993436,0.31152496155870874,0.046551123582245599,0.094712089350929063,-0.017628309656606774,0.20014656855705842,-0.65125644641584768,-0.014349126025292392,0.13069703362052604,-0.13875547665766744,-0.11997121264690072,-0.25058180484617565,0.56241762809381091,-0.30857340161350083,-0.1642800660962081,-0.42078970146383332,0.22660816385321161,-0.52131089190316326
0.0,-0.08958718750530785,-0.55295371048993436,-0.16118554294940154,-0.15479337249557854,0.026038036307837138,-0.12265388944530471,0.002483731668103424,-0.65125644641584768,-0.014349126025292392,0.021863197143779017,0.016908289718846219,-0.11997121264690072,-0.25058180484617565,-0.15657384677086469,-0.30857340161350083,-0.1642800660962081,-0.0064452578613358276,-0.16542728222688619,-0.52131089190316326
0.0,-0.16716900873517734,-0.20949688327142868,-0.16118554294940154,-0.16265482676583642,-0.13655528386802415,-0.16589971641712151,-0.12615731539734623,-0.59712239570859216,-0.014349126025292392,-0.1337659362999645,-0.16464088738662799,-0.11997121264690072,-0.24225396581278225,-0.16009392408075554,-0.30857340161350083,-0.1642800660962081,0.16206733039918428,-0.16542728222688619,-0.38586907264862347
1.0,-0.056750127176752874,-0.083173102579805494,-0.16118554294940154,-0.15193592091321351,0.050882875527885063,0.019439542033521908,-0.083334127695991758,0.31475635499810767,-0.014349126025292392,0.01392605753544974,-0.085970039547066474,-0.11997121264690072,-0.22837423409045987,-0.15701137817632987,-0.0435970880452239,-0.1642800660962081,-1.1486828055942475,0.23425975807211041,-0.087897070288635817
0.0,-0.045948462594991364,-0.55295371048993436,-0.16118554294940154,-0.13931749314509712,-0.16156097120806409,-0.12574287708614876,-0.14247306469296181,-0.65125644641584768,-0.014349126025292392,-0.15665760489432815,-0.083707377305668934,-0.11997121264690072,-0.25058180484617565,-0.15971071066479567,-0.30857340161350083,-0.1642800660962081,0.16206733039918428,-0.16542728222688619,-0.52131089190316326
0.0,-0.16716900873517734,-0.44865792002567612,0.51308372878262387,-0.094029241494583929,-0.14263018707099426,-0.16589971641712151,-0.11917968897708885,-0.63072284097516451,-0.014349126025292392,-0.13603701717541483,-0.16464088738662799,-0.11997121264690072,-0.23115018043492436,-0.16009392408075554,-0.30857340161350083,-0.1642800660962081,0.16206733039918428,-0.16542728222688619,-0.52131089190316326
0.0,0.00095935433139353766,0.50573847288648044,-0.16118554294940154,-0.01042829595922657,-0.11920823801711457,0.15535499823066043,-0.11033326355976639,1.4282377773042416,-0.014349126025292392,-0.11653058677052086,0.15224276388357974,-0.11997121264690072,-0.21727044871260198,-0.079335838413910897,0.019492510423413472,-0.1642800660962081,0.16206733039918428,0.0063262409069956308,0.26425165977316778
0.0,-0.16716900873517734,0.50349071878164731,0.98137809310107316,-0.046367311494376354,0.038322221670212354,-0.16589971641712151,0.026127048437334887,0.35115683737022774,-0.014349126025292392,0.037808468331140911,-0.16464088738662799,-0.11997121264690072,0.49406580205641881,-0.16009392408075554,-0.11930460620758875,-0.1642800660962081,0.16206733039918428,-0.16542728222688619,0.074633112816811981
0.0,-0.077718972008960649,0.0035902058667541927,0.25107363882370914,-0.098135800093625061,-0.12779207267532841,-0.11647591416361661,-0.12402693225158552,0.04128606435628264,-0.29882880453913435,-0.13812243735484386,-0.065127661515480176,-0.11997121264690072,-0.096516782728397477,-0.15988262710157994,0.29708674368541788,-0.1642800660962081,0.14805030117372786,-0.16542728222688619,0.30488420554952972
0.0,-0.10783973139121973,-0.49541120540620565,0.92032408853267256,-0.047541971866528338,-0.073991464607084931,-0.16589971641712151,-0.1616042154627006,-0.54018830789578898,-0.014349126025292392,-0.099426488233939972,-0.1530987676383754,-0.11997121264690072,-0.23878403288220165,-0.16009392408075554,-0.094068766820133792,-0.1642800660962081,0.16206733039918428,-0.16542728222688619,-0.38586907264862347
0.0,-0.036192471760976855,-0.50305356936263834,-0.16118554294940154,-0.12068024910231059,-0.16156097120806409,-0.068442156348491517,-0.1616042154627006,-0.61298927264002911,-0.014349126025292392,-0.16241063086065322,-0.041865459820213377,-0.11997121264690072,-0.23809004629608552,-0.16009392408075554,-0.30857340161350083,-0.1642800660962081,0.16206733039918428,-0.16542728222688619,-0.35878070879771551
0.0,-0.054366045494064083,0.55968457140247618,-0.16118554294940154,-0.087843003813350598,-0.13220271762937577,-0.060874136628423572,-0.14425937889533119,1.5197056560854665,-0.014349126025292392,-0.13607892809787825,0.029980422136971309,-0.11997121264690072,-0.24086599264055,-0.16002005161502836,-0.28333756222604589,-0.1642800660962081,0.16206733039918428,0.040176314349802567,-0.18270634376681372
0.0,-0.050308613504108285,0.63700731260873655,-0.16118554294940154,-0.10528601971258154,-0.16156097120806409,-0.079408062473487917,-0.097477104552020799,1.7427752788274329,-0.014349126025292392,-0.14312664012455459,-0.16464088738662799,-0.11997121264690072,-0.22421031457376317,-0.12991430593171682,-0.1445404455950437,-0.1642800660962081,0.16206733039918428,-0.047659814944661621,-0.020176160661365902
0.0,-0.16716900873517734,-0.47697962174657382,0.022906030871723951,-0.12676738548966121,-0.076465487455318712,-0.16589971641712151,-0.1616042154627006,-0.62978949527331529,-0.014349126025292392,-0.10120592281092046,-0.16464088738662799,-0.11997121264690072,-0.24225396581278225,-0.16009392408075554,-0.30857340161350083,-0.1642800660962081,0.16206733039918428,-0.051253513366569144,-0.52131089190316326
0.0,-0.16716900873517734,-0.55295371048993436,-0.16118554294940154,-0.16265482676583642,-0.1472827755243952,-0.16589971641712151,-0.14750326089362439,-0.65125644641584768,-0.12110072379281099,-0.15214107530074708,-0.16464088738662799,-0.11997121264690072,-0.25058180484617565,-0.16009392408075554,-0.30857340161350083,-0.1642800660962081,0.16206733039918428,-0.16542728222688619,-0.52131089190316326
1.0,-0.036213802779268563,0.23735663276940205,-0.15111287623015049,-0.10731761480242527,-0.16156097120806409,-0.017628309656606774,-0.097539312216985946,0.4052908880774832,-0.014349126025292392,-0.14314534690890626,-0.12647377374573024,-0.11997121264690072,-0.22282234140153093,-0.13246236281941037,-0.16977628498249864,-0.1642800660962081,0.10148708666841598,-0.16542728222688619,2.729292770205793
0.0,-0.052955475178092876,-0.49181479883847262,0.14632957916787395,-0.043760379368671755,-0.1210393670797662,-0.029984260219983003,-0.12852515198990605,-0.54485503640503519,-0.014349126025292392,-0.12331819723955226,-0.16464088738662799,-0.11997121264690072,-0.23947801946831776,-0.15983672840044796,-0.30857340161350083,-0.1642800660962081,-0.14028301349734917,0.26108680701105469,-0.35878070879771551
0.0,-0.036206541156020323,-0.43696959868054369,-0.16118554294940154,-0.14218946275140676,-0.15446174973654486,-0.13500984000868094,-0.11199663045969729,-0.54205499929948753,-0.014349126025292392,-0.14238678404433297,-0.14111058679452554,-0.11997121264690072,-0.21171855602367304,-0.15943260255852854,-0.068832927432678853,-0.1642800660962081,0.16206733039918428,-0.16542728222688619,-0.18270634376681372
0.0,-0.13823870171417713,-0.55295371048993436,-0.16118554294940154,-0.13435637618010968,-0.16156097120806409,-0.16589971641712151,-0.12628622656147018,-0.65125644641584768,-0.014349126025292392,-0.1517899782050611,-0.044759078948129326,-0.11997121264690072,-0.25058180484617565,-0.051151048429454241,-0.30857340161350083,-0.1642800660962081,0.15752576751450756,-0.10210290005432197,-0.52131089190316326
0.0,-0.16716900873517734,-0.55295371048993436,-0.14162209663213107,-0.15940925010855345,-0.12203641060151964,-0.16589971641712151,-0.1616042154627006,-0.65125644641584768,-0.014349126025292392,-0.13398269219652317,-0.086557083683241123,-0.11997121264690072,-0.25058180484617565,-0.16009392408075554,-0.30857340161350083,-0.1642800660962081,0.16206733039918428,-0.16542728222688619,-0.52131089190316326
0.0,-0.0051027395265303473,-0.2513051096213253,-0.16118554294940154,-0.095865233131383759,0.0051772665363962979,-0.060874136628423572,-0.019163985229458485,-0.45058712051826272,-0.014349126025292392,0.0003493466765093931,-0.046917737307133722,-0.11997121264690072,-0.14925976327322243,-0.1600933809008605,-0.30857340161350083,-0.1642800660962081,0.16206733039918428,-0.031766369141741614,-0.29105979917044555
0.0,-0.043974662625828304,3.1805658576379323,-0.16118554294940154,-0.033769639673536266,-0.15845211040663504,0.21713475104754157,-0.11883864784039939,2.773188933668985,-0.014349126025292392,-0.14731433866223106,-0.15129603367689423,-0.11997121264690072,0.94862701596247601,-0.1345848382593299,2.1393030189696294,-0.1642800660962081,0.16206733039918428,-0.16542728222688619,2.8782787713857867
0.0,-0.16716900873517734,-0.55295371048993436,-0.16118554294940154,-0.16265482676583642,-0.16156097120806409,-0.16589971641712151,-0.15862595468870549,-0.65125644641584768,-0.036896117055924035,-0.16241063086065322,-0.16464088738662799,-0.11997121264690072,-0.25058180484617565,-0.16009392408075554,-0.30857340161350083,0.6655359243163077,0.1205271685473412,-0.16542728222688619,-0.52131089190316326
0.0,-0.16716900873517734,-0.55295371048993436,-0.1985795429031586,-0.15884895092358145,-0.16143495497286883,-0.16589971641712151,-0.1616042154627006,-0.65125644641584768,0.016278245370691613,-0.16362720643944165,-0.16464088738662799,-0.11997121264690072,-0.25058180484617565,-0.16009392408075554,-0.30857340161350083,-0.13668505548208926,0.16206733039918428,-0.16542728222688619,-0.52131089190316326
0.0,-0.029148243358728097,0.89504948384358252,-0.16118554294940154,-0.049826314242793802,-0.10624816831747746,0.081219294850403051,-0.1037880629875632,0.96343161778332398,-0.014349126025292392,-0.10524084927639157,0.24901490965432158,-0.11997121264690072,1.6099962325311363,-0.15977046045325149,0.73871393296587939,-0.1642800660962081,0.16206733039918428,-0.028387219879350955,0.75184220908951116
0.0,-0.16716900873517734,-0.55295371048993436,-0.16118554294940154,-0.15561551593849765,-0.16156097120806409,-0.16589971641712151,-0.1616042154627006,-0.65125644641584768,-0.014349126025292392,-0.16241063086065322,-0.16464088738662799,-0.11997121264690072,-0.25058180484617565,-0.10860508705884082,-0.30857340161350083,-0.1642800660962081,0.16206733039918428,-0.16542728222688619,-0.52131089190316326
0.0,-0.081880335981656921,-0.38077574605971487,-0.16118554294940154,-0.1396766193026219,-0.16156097120806409,-0.13500984000868094,-0.10111698696622784,-0.43378689788497654,-0.014349126025292392,-0.14422120773814665,-0.027875782039642093,-0.11997121264690072,-0.20963659626532469,-0.04403919406352555,-0.30857340161350083,-0.1642800660962081,-0.042224363090950089,-0.12087372692398834,-0.46713416420134735
0.0,-0.16716900873517734,-0.55295371048993436,-0.16118554294940154,-0.15416471606743007,-0.16156097120806409,-0.16589971641712151,-0.1616042154627006,-0.65125644641584768,-0.014349126025292392,-0.16241063086065322,0.36382826222419429,-0.11997121264690072,-0.25058180484617565,-0.16009392408075554,-0.30857340161350083,0.14372561401864151,0.14664872440570681,-0.16542728222688619,-0.52131089190316326
0.0,-0.070214992084807512,0.16947445880344084,-0.16118554294940154,-0.086626683024661935,-0.10533379298045638,-0.042340210783359228,-0.12691454232796182,0.59569341125472652,-0.014349126025292392,-0.11153766877190135,-0.075523427360021669,-0.11997121264690072,-0.22282234140153093,-0.04448134249809868,-0.20763004406368107,-0.1642800660962081,0.16206733039918428,-0.074040957565900373,-0.20979470761772168
1.0,-0.054068772792339133,0.044049779753750941,-0.082866819807229222,-0.12184469858805654,-0.098831431966594094,-0.079408062473487917,-0.13557893233630069,0.52289244651048639,-0.014349126025292392,-0.10946637524968185,-0.087745039139909484,-0.11997121264690072,-0.19367490478465399,-0.15956432368307891,0.29708674368541788,-0.1642800660962081,0.12001582220773316,-0.16542728222688619,-0.047264524512273871
0.0,-0.16716900873517734,-0.55295371048993436,-0.16118554294940154,-0.16265482676583642,-0.1577740394862967,-0.16589971641712151,-0.1616042154627006,-0.65125644641584768,-0.014349126025292392,-0.15968688994969607,-0.16464088738662799,-0.11997121264690072,-0.25058180484617565,-0.16009392408075554,-0.30857340161350083,-0.1642800660962081,0.16206733039918428,-0.16542728222688619,-0.52131089190316326
0.0,-0.062179552109173579,2.735510544880968,-0.16118554294940154,-0.1266728512467892,-0.16156097120806409,-0.079408062473487917,-0.15004102166836042,1.811842860764276,-0.014349126025292392,-0.15893340385255744,-0.078729058135117061,-0.11997121264690072,2.7634019386561239,-0.15994020417045557,4.5619436001653044,-0.1642800660962081,0.16206733039918428,-0.16542728222688619,1.4290513053622105
0.0,-0.16716900873517734,-0.2953610900760551,-0.16118554294940154,-0.16263718978022598,-0.16156097120806409,-0.16589971641712151,0.041836777633990581,-0.21165062084485928,-0.014349126025292392,-0.10123285175122612,-0.16354306862803369,-0.11997121264690072,-0.23739605970996941,-0.16009392408075554,-0.22024796375740854,-0.1642800660962081,0.16206733039918428,-0.16542728222688619,-0.46713416420134735
0.0,-0.084456850680424148,-0.55295371048993436,-0.16118554294940154,-0.062687501193902026,-0.1384891439741622,-0.14118781529036906,-0.12421511502569101,-0.65125644641584768,-0.014349126025292392,-0.13457281122854928,-0.11488080765497433,-0.11997121264690072,-0.25058180484617565,-0.14548917465251851,-0.30857340161350083,-0.1642800660962081,0.16206733039918428,0.3869562240060026,-0.52131089190316326
0.0,-0.16716900873517734,-0.55295371048993436,-0.16118554294940154,-0.16264933145242519,-0.16156097120806409,-0.16589971641712151,-0.1616042154627006,-0.65125644641584768,-0.014349126025292392,-0.16241063086065322,-0.16429883017342389,-0.11997121264690072,-0.25058180484617565,-0.16009392408075554,-0.30857340161350083,0.70725185208182184,0.11843889065055374,-0.16542728222688619,-0.52131089190316326
0.0,-0.071048717203996414,0.040453373186017896,-0.16118554294940154,-0.085356708669221487,-0.16156097120806409,0.044151443160274369,-0.12113289955493259,0.18875468524846131,-0.014349126025292392,-0.15024029494562693,0.063818663072927717,-0.11997121264690072,-0.23184416702104046,-0.15956812594234426,-0.29595548191977339,-0.1642800660962081,0.16206733039918428,-0.14831698675541602,0.020456385114996048
0.0,-0.16716900873517734,-0.55295371048993436,-0.16118554294940154,-0.16265482676583642,-0.16156097120806409,-0.16589971641712151,-0.10085668734158754,-0.65125644641584768,-0.34259886285103275,-0.15718161558519403,-0.16464088738662799,-0.11997121264690072,-0.25058180484617565,-0.16009392408075554,-0.30857340161350083,-0.1642800660962081,0.16206733039918428,-0.16542728222688619,-0.52131089190316326
0.0,-0.16716900873517734,-0.12498132892970214,-0.16118554294940154,-0.16265482676583642,-0.12893573234652364,-0.16589971641712151,-0.1616042154627006,0.038486027250734939,-0.014349126025292392,-0.13894501163489784,-0.16464088738662799,-0.11997121264690072,-0.2325381536071566,-0.16009392408075554,-0.30857340161350083,-0.1642800660962081,0.16206733039918428,-0.16542728222688619,-0.38586907264862347
0.0,-0.16716900873517734,-0.32638009672275259,-0.15828121481640778,-0.1623592308870053,-0.16156097120806409,-0.16589971641712151,-0.14771135379058747,-0.60458916132338603,-0.014349126025292392,-0.15823283753769984,-0.16464088738662799,-0.11997121264690072,-0.24225396581278225,-0.16009392408075554,-0.30857340161350083,-0.1642800660962081,0.16206733039918428,-0.16542728222688619,-0.30460398109589959
0.0,-0.16716900873517734,0.091252615955247141,-0.16118554294940154,-0.16265482676583642,-0.13607481100780477,-0.16589971641712151,-0.15292853999301848,-0.1771168298764377,-0.014349126025292392,-0.14147086898041217,-0.16464088738662799,-0.11997121264690072,-0.10137468883121031,-0.16009392408075554,-0.28333756222604589,-0.1642800660962081,0.16206733039918428,-0.16542728222688619,-0.18270634376681372
1.0,-0.065367858566605291,-0.55295371048993436,-0.16118554294940154,-0.064162027451927686,-0.16156097120806409,-0.067052111910111692,-0.071225836943601503,-0.65125644641584768,-0.014349126025292392,-0.13523248749265587,0.10839010467185671,-0.11997121264690072,-0.25058180484617565,0.086374496479430019,-0.30857340161350083,-0.1642800660962081,0.16206733039918428,-0.016461203292335601,-0.52131089190316326
0.0,-0.04292898887808131,0.71567870627789687,-0.16118554294940154,-0.063730719610136127,-0.16156097120806409,-0.042340210783359228,-0.12852515198990605,1.8426432689253007,-0.014349126025292392,-0.15246325689495735,-0.16464088738662799,-0.11997121264690072,-0.20686064992086023,-0.15925661227253138,-0.13192252590131623,-0.1642800660962081,0.16206733039918428,0.17750507879217156,0.3861492971022536
0.0,-0.013182656944559765,2.7103356989068366,-0.16118554294940154,0.22445870204899943,-0.0020173206461413231,0.82257632865297681,-0.069104812473101046,3.0466592243108104,-0.014349126025292392,-0.01984330265701376,-0.050151102450867277,-0.11997121264690072,1.5433735202639889,-0.15967241648219443,4.8773915925084914,-0.1642800660962081,0.16206733039918428,0.33767072272408299,6.6300171647365405
0.0,-0.068872953338241602,-0.55295371048993436,-0.16118554294940154,-0.15417147381770607,-0.099247343084398365,-0.16589971641712151,-0.081851786936143783,-0.65125644641584768,-0.014349126025292392,-0.093608954211841691,-0.13715612806619951,-0.11997121264690072,-0.25058180484617565,-0.16009392408075554,-0.30857340161350083,-0.1642800660962081,0.16206733039918428,-0.16542728222688619,-0.52131089190316326
0.0,-0.071633277875479975,-0.55295371048993436,0.15814352941667897,-0.11792806247616792,-0.083769825763851363,-0.11338692652277255,-0.13269618510099102,-0.65125644641584768,-0.23319802836783857,-0.10645954937198689,-0.043869267954321306,-0.11997121264690072,-0.25058180484617565,-0.15979381718873878,-0.30857340161350083,-0.1642800660962081,-0.16393320221930319,-0.062686660110178247,-0.52131089190316326
0.0,-0.16716900873517734,-0.55295371048993436,-0.16118554294940154,-0.15474339484793292,-0.16156097120806409,-0.16589971641712151,-0.1616042154627006,-0.65125644641584768,-0.014349126025292392,-0.16241063086065322,0.075198999004124314,-0.11997121264690072,-0.25058180484617565,-0.16009392408075554,-0.30857340161350083,0.75385675889677817,0.16206733039918428,-0.16542728222688619,-0.52131089190316326
0.0,-0.16716900873517734,-0.25939702439872464,-0.16118554294940154,-0.16265482676583642,-0.16156097120806409,-0.16589971641712151,-0.1616042154627006,-0.64005629799365682,-0.014349126025292392,-0.16241063086065322,-0.16464088738662799,-0.11997121264690072,-0.2325381536071566,-0.16009392408075554,-0.30857340161350083,-0.017274682307142804,0.15470831646568031,-0.16542728222688619,-0.52131089190316326
0.0,-0.043322024236392462,-0.55295371048993436,-0.16118554294940154,-0.082936654329995599,-0.14481577275867,-0.073230087191799798,-0.12113289955493259,-0.65125644641584768,-0.014349126025292392,-0.13819635398504762,-0.16464088738662799,-0.11997121264690072,-0.25058180484617565,0.062416460848328151,-0.30857340161350083,-0.1642800660962081,0.16206733039918428,-0.09008666406267106,-0.52131089190316326
0.0,-0.16695252159208909,-0.29850794582282153,-0.16118554294940154,-0.12863597770196836,-0.0063459111931619952,-0.16589971641712151,-0.00034579957062841088,-0.21725069505595468,-0.40348407393541308,-0.017736913220789328,-0.0345181633284843,-0.11997121264690072,-0.23045619384880822,0.074701832124688963,-0.30857340161350083,-0.1642800660962081,0.1599210214210926,-0.16542728222688619,0.0069122031895420648
0.0,-0.16716900873517734,-0.55295371048993436,-0.16118554294940154,-0.15977751036809962,-0.14730022982790017,-0.16589971641712151,-0.1616042154627006,-0.65125644641584768,-0.014349126025292392,-0.15215362926369697,-0.16464088738662799,-0.11997121264690072,-0.25058180484617565,-0.16009392408075554,-0.30857340161350083,0.69668426506429937,0.15155445335132151,-0.16542728222688619,-0.52131089190316326
0.0,-0.045048475163662241,6.2572916763335513,-0.16118554294940154,-0.12338754495876267,-0.13824367125300102,-0.085586037755176023,-0.12681526696882864,3.5739995458556266,-0.014349126025292392,-0.13517816056287937,0.1537658429612927,-0.11997121264690072,0.5926118972849076,-0.15990245316774937,0.51159137847878489,-0.1642800660962081,0.16206733039918428,-0.16542728222688619,0.48095857058043151
0.0,0.027433417288675568,0.87976475593071701,-0.16118554294940154,-0.00167971987801106,-0.091146935091612438,0.019439542033521908,-0.042930341052846675,1.3115695645730876,-0.014349126025292392,-0.07607848998413029,-0.16464088738662799,-0.11997121264690072,-0.1867350389234928,0.34294117446854561,-0.018361248657768951,-0.1642800660962081,0.16206733039918428,-0.028387219879350955,-0.14207379799045175
1.0,-0.071023301522627563,-0.45180477577244249,-0.16118554294940154,-0.088249582744791499,-0.099247343084398365,-0.14118781529036906,-0.081851786936143783,-0.56632198754756746,-0.014349126025292392,-0.093608954211841691,-0.11175144639363391,-0.11997121264690072,-0.22351632798764706,0.2672050585214133,-0.13192252590131623,-0.1642800660962081,0.16031504405284649,-0.16542728222688619,-0.34523652687226153
0.0,-0.16716900873517734,-0.55295371048993436,-0.16118554294940154,-0.15940620540787964,-0.14572251423547683,-0.16589971641712151,-0.1616042154627006,-0.65125644641584768,-0.014349126025292392,-0.15101886137753795,-0.16464088738662799,-0.11997121264690072,-0.25058180484617565,-0.16009392408075554,-0.30857340161350083,0.78068734151519381,0.15155445335132151,-0.16542728222688619,-0.52131089190316326
0.0,-0.073620693388233488,-0.2319744243197602,-0.16118554294940154,-0.11777708987934248,-0.16089433189749383,-0.091764013036864142,-0.14859079400989564,-0.13604961899507148,-0.014349126025292392,-0.15801781988216498,-0.068434984975582203,-0.11997121264690072,-0.19922679747358293,-0.15315398615161113,-0.25810172283859095,-0.1642800660962081,0.16206733039918428,-0.082536906541607474,1.0362700295240448
0.0,-0.088087208453092661,-0.55295371048993436,-0.16118554294940154,-0.1364816886419129,-0.16156097120806409,-0.16589971641712151,-0.066701192710428514,-0.65125644641584768,-0.014349126025292392,-0.13387185863790857,0.10423226057351742,-0.11997121264690072,-0.25058180484617565,-0.033707640869670312,-0.30857340161350083,-0.1642800660962081,0.14060339958810381,-0.16542728222688619,-0.52131089190316326
0.0,0.064460434231466773,2.1528926809082147,-0.16118554294940154,0.01102581603377294,-0.035622992670275522,0.20477880048416533,0.094949828783982712,3.0074587048331427,-0.014349126025292392,0.0053196123595644065,-0.030965852945411761,-0.11997121264690072,0.13527473703438589,-0.078338288536646095,-0.0057433289640414767,-0.1642800660962081,0.16206733039918428,0.034376813278668629,1.9979069462312777
0.0,-0.0014959820294186371,0.94360097250797859,-0.16118554294940154,-0.084630139123062983,-0.099300511578151993,-0.029984260219983003,-0.02597049469520259,1.3918372949321216,-0.014349126025292392,-0.076842846985449673,0.023407376769724535,-0.11997121264690072,1.6523294142842193,-0.15994726550909125,2.1393030189696294,-0.1642800660962081,0.16206733039918428,-0.028387219879350955,0.7247538452386032
0.0,-0.16716900873517734,-0.52687976287386984,-0.16118554294940154,-0.16265482676583642,-0.16156097120806409,-0.16589971641712151,-0.15726399218318535,-0.64845640931029991,-0.014349126025292392,-0.16110546017190427,-0.16464088738662799,-0.11997121264690072,-0.23947801946831776,-0.16009392408075554,-0.29595548191977339,-0.1642800660962081,0.16206733039918428,-0.16542728222688619,-0.52131089190316326
1.0,-0.0014392505977917384,0.8375069787598538,-0.16118554294940154,0.013639988606201832,-0.073671341172471705,0.20477880048416533,-0.040203112979949857,1.3059694903619923,-0.014349126025292392,-0.062689095288852983,0.034524236198858499,-0.11997121264690072,1.87926302794419,-0.15964281317791404,7.3757396918665306,-0.1642800660962081,0.16206733039918428,0.15466152553845053,0.37260511517679962
0.0,-0.093291523064817833,-0.55295371048993436,-0.094790945548580932,-0.12554824278327487,-0.1092987585979745,-0.1535437658537453,-0.1616042154627006,-0.65125644641584768,-0.014349126025292392,-0.12482116872036193,-0.16464088738662799,-0.11997121264690072,-0.25058180484617565,-0.16004992650925626,-0.30857340161350083,-0.1642800660962081,0.16206733039918428,-0.028387219879350955,-0.52131089190316326
0.0,-0.16716900873517734,-0.55295371048993436,-0.16118554294940154,-0.16265482676583642,-0.15622379044620208,-0.16589971641712151,-0.1616042154627006,-0.65125644641584768,-0.014349126025292392,-0.15857187731072847,-0.16464088738662799,-0.11997121264690072,-0.25058180484617565,-0.16009392408075554,-0.30857340161350083,-0.1642800660962081,0.16206733039918428,-0.16542728222688619,-0.52131089190316326
0.0,-0.059852655709564703,-0.55295371048993436,-0.086735001090250549,-0.13013263373562312,-0.063764662114113746,-0.14118781529036906,-0.11436611858318541,-0.65125644641584768,-0.014349126025292392,-0.077865677667899619,-0.031222395855314854,-0.11997121264690072,-0.25058180484617565,-0.15937964251876088,-0.30857340161350083,-0.1642800660962081,0.16206733039918428,-0.12217140329203391,-0.52131089190316326
0.0,-0.16716900873517734,-0.55295371048993436,-0.16118554294940154,-0.1625749590688931,-0.16156097120806409,-0.16589971641712151,-0.1616042154627006,-0.65125644641584768,-0.014349126025292392,-0.16241063086065322,-0.15966950180823566,-0.11997121264690072,-0.25058180484617565,-0.16009392408075554,-0.30857340161350083,0.15783813086239176,0.14594225906809044,-0.16542728222688619,-0.52131089190316326
1.0,0.31950543521352359,1.3679769475004777,-0.087159651001920524,3.6825716552597791,1.1560810491027895,0.69901682301921453,1.192806573136161,1.599040040742651,-0.014349126025292392,1.1925917860126398,0.066090570103871316,8.3292078228049569,-0.22559828774599541,2.6535043314179112,-0.10668668651386128,-0.1642800660962081,0.035912805824830953,0.72440794157578903,1.1446234849276766
0.0,-0.048479592148457075,-0.55295371048993436,-0.16118554294940154,-0.11544035637318997,-0.16156097120806409,-0.073230087191799798,-0.12328695464399862,-0.65125644641584768,-0.014349126025292392,-0.15088805184271301,-0.14289251997952809,-0.11997121264690072,-0.25058180484617565,-0.11917726894620453,-0.30857340161350083,-0.1642800660962081,0.13052869925559593,-0.12217140329203391,-0.52131089190316326
0.0,-0.017816480279844848,-0.020685538465443853,-0.13283322977470705,-0.11358475983449054,-0.098762535419132699,-0.073230087191799798,-0.072629913487792727,0.14768747436709512,-0.014349126025292392,-0.090487100924173072,-0.017207294903491915,-0.11997121264690072,-0.21449450236813752,-0.15982993865175979,-0.11930460620758875,-0.1642800660962081,0.16206733039918428,-0.14070963712125631,-0.25042725339408362
0.0,-0.16716900873517734,-0.1510552765457667,-0.16118554294940154,-0.16265482676583642,-0.13251006681548974,-0.16589971641712151,-0.075902146767021381,0.020752458915599528,-0.014349126025292392,-0.1157439361382927,-0.16464088738662799,-0.11997121264690072,-0.24155997922666611,-0.16009392408075554,-0.29595548191977339,-0.1642800660962081,0.16206733039918428,-0.16542728222688619,0.21007493207135183
0.0,-0.083252328924121835,-0.55295371048993436,-0.16118554294940154,-0.13265501972188562,-0.16156097120806409,-0.12574287708614876,-0.14252536317235728,-0.65125644641584768,-0.014349126025292392,-0.1566733318369247,-0.11299949298235165,-0.11997121264690072,-0.25058180484617565,-0.15990028044816917,-0.30857340161350083,-0.1642800660962081,0.16206733039918428,-0.097453758186404046,-0.52131089190316326
0.0,-0.080025898944636853,-0.55295371048993436,-0.13450921061165885,-0.12921565900586379,-0.15836790777763851,-0.10290043127963514,-0.1400086135410977,-0.65125644641584768,-0.014349126025292392,-0.1536199045451147,-0.048896122269989989,-0.11997121264690072,-0.25058180484617565,-0.13930452836744525,-0.30857340161350083,-0.1642800660962081,0.16162915368382935,-0.16542728222688619,-0.52131089190316326
0.0,-0.047618635942087262,0.23106292127586922,-0.16118554294940154,-0.113688502440376,-0.14212090501971503,-0.05469616134673546,-0.12113289955493259,0.71982838960067441,-0.014349126025292392,-0.13625807728784203,0.36407556034455135,-0.11997121264690072,-0.21657646212648587,-0.14608341345770645,-0.30857340161350083,-0.1642800660962081,0.10950294515987039,-0.16542728222688619,0.18298656822044385
0.0,-0.047959024531848651,-0.55295371048993436,-0.16118554294940154,-0.11447945626663664,-0.15436826371975007,-0.079408062473487917,-0.11750540362268765,-0.65125644641584768,-0.014349126025292392,-0.14397611575378683,-0.052878315366954191,-0.11997121264690072,-0.25058180484617565,-0.046992734742876137,-0.30857340161350083,-0.1642800660962081,0.044323107463121174,-0.12835081456844138,-0.52131089190316326
0.0,-0.16716900873517734,-0.55295371048993436,-0.16118554294940154,-0.16265482676583642,-0.13242352415899036,-0.16589971641712151,-0.1616042154627006,-0.65125644641584768,-0.014349126025292392,-0.14145359693468335,-0.16464088738662799,-0.11997121264690072,-0.25058180484617565,-0.16009392408075554,-0.30857340161350083,-0.1642800660962081,0.16206733039918428,-0.16542728222688619,-0.52131089190316326
0.0,-0.16716900873517734,-0.55295371048993436,-0.16118554294940154,-0.16265482676583642,-0.09428456672299472,-0.16589971641712151,-0.1373805690756158,-0.65125644641584768,-0.064651977024901525,-0.10873595533501816,-0.16464088738662799,-0.11997121264690072,-0.25058180484617565,-0.16009392408075554,-0.30857340161350083,-0.1642800660962081,0.16206733039918428,-0.16542728222688619,-0.52131089190316326
0.0,0.002628166124130389,1.2492955307652873,0.62592240376503427,-0.019365829134698039,-0.13820864756267126,-0.02380628493829489,-0.11351080906577375,1.0726330648996842,-0.24344836560255917,-0.14025236202270838,0.011400706346782554,-0.11997121264690072,1.0964461588052092,-0.1458674994494229,0.46111969970387501,-0.1642800660962081,-0.23089728540861568,0.077632692213520899,1.9166418546785537
1.0,-0.040725540073692564,0.2823117148660651,-0.16118554294940154,-0.063531663020962192,-0.16156097120806409,0.0009056161884575673,-0.13847773612230199,0.83556325662997921,-0.014349126025292392,-0.15545614925333431,-0.012316801233627576,-0.11997121264690072,-0.23184416702104046,-0.1596536767758151,-0.11930460620758875,-0.1642800660962081,0.16171704133594947,0.075395003802108229,1.3748745776603943
0.0,-0.16716900873517734,-0.55295371048993436,-0.16118554294940154,-0.16265482676583642,-0.16118491728002171,-0.16589971641712151,-0.15464594865499137,-0.65125644641584768,-0.014349126025292392,-0.16004769912221359,-0.16464088738662799,-0.11997121264690072,-0.25058180484617565,-0.16009392408075554,-0.30857340161350083,-0.1642800660962081,0.16206733039918428,-0.16542728222688619,-0.52131089190316326
0.0,-0.076781314907031273,-0.13217414206516823,-0.16118554294940154,-0.11012048455563796,-0.13607151195263681,-0.12265388944530471,-0.073818465245843651,0.023552496021147225,-0.014349126025292392,-0.11767890190021481,-0.10947260577053076,-0.11997121264690072,-0.23947801946831776,-0.082578350797429673,-0.20763004406368107,-0.1642800660962081,0.16206733039918428,-0.027894350035944697,-0.50776670997770934
0.0,-0.16716900873517734,-0.2508555588003587,-0.16118554294940154,-0.16265482676583642,-0.15927698928194819,-0.16589971641712151,-0.14677695429205492,-0.53272154228099511,-0.014349126025292392,-0.15630910136461421,-0.16464088738662799,-0.11997121264690072,-0.23739605970996941,-0.16009392408075554,-0.30857340161350083,-0.1642800660962081,0.16206733039918428,-0.16542728222688619,-0.52131089190316326
0.0,-0.1232180340251864,0.19824571134530519,-0.16118554294940154,-0.15851369967499881,0.12649407436709287,-0.16589971641712151,-0.12662066157444651,0.34089003464988615,-0.014349126025292392,0.05529230355360993,-0.1306917089761189,-0.11997121264690072,-0.097210769314513598,-0.16009392408075554,0.30970466337914537,-0.1642800660962081,0.16206733039918428,-0.16542728222688619,2.2417022208894495
0.0,-0.13048964200539576,-0.55295371048993436,0.088604187824625327,-0.13071755043945768,-0.10019697227838884,-0.16589971641712151,-0.1616042154627006,-0.65125644641584768,-0.014349126025292392,-0.11827473229560491,-0.16464088738662799,-0.11997121264690072,-0.25058180484617565,-0.1598565544666174,-0.30857340161350083,-0.1642800660962081,0.16206733039918428,-0.14225448994035819,-0.52131089190316326
1.0,-0.070045251641379827,3.0394068998544101,0.62099223288332617,0.041623424063677951,-0.12499761950362856,0.48278756460062483,-0.1471469889717075,4.501745173493763,-0.014349126025292392,-0.13176502774364635,-0.12453005674367168,-0.11997121264690072,0.085307702834025403,-0.10287046531681897,1.0541619253090664,-0.1642800660962081,-0.81959737433483537,-0.16542728222688619,2.566762587100345
0.0,-0.071546138396501063,-0.1465597683361004,-0.16118554294940154,-0.084930933271337203,-0.10586566972352557,-0.073230087191799798,-0.14425937889533119,-0.092182371008157571,-0.014349126025292392,-0.11713607406048779,-0.10504666277535582,-0.11997121264690072,-0.24225396581278225,-0.15966807104303402,-0.27071964253231845,-0.1642800660962081,0.16206733039918428,0.10775658065665412,0.91437239219495903
0.0,-0.066371777980674881,-0.43337319211281067,-0.15513464652761602,-0.12881212477509671,0.0092409352812073877,-0.16589971641712151,-0.12808547775611109,-0.58312221018085364,-0.014349126025292392,-0.029482207818798498,-0.057990683985923906,-0.11997121264690072,-0.22212835481541482,-0.044225776357476251,-0.30857340161350083,-0.1642800660962081,0.16206733039918428,-0.11599199201562645,-0.52131089190316326
1.0,0.032842418905710595,-0.55295371048993436,-0.16118554294940154,-0.072647422577339263,-0.16156097120806409,-0.0052723590932305464,0.0030361687636124997,-0.65125644641584768,-0.014349126025292392,-0.11290078082811125,-0.035396418335359746,-0.11997121264690072,-0.25058180484617565,-0.084737490880265276,-0.30857340161350083,-0.1642800660962081,-0.42078970146383332,0.26368463151165639,-0.52131089190316326
0.0,-0.16716900873517734,-0.52732931369483649,-0.094877772592375995,-0.15590617346135788,-0.14838646292250871,-0.16589971641712151,-0.1616042154627006,-0.64938975501214913,-0.014349126025292392,-0.15293489962608947,-0.16464088738662799,-0.11997121264690072,-0.24155997922666611,-0.16009392408075554,-0.30857340161350083,-0.1642800660962081,0.16206733039918428,-0.16542728222688619,-0.52131089190316326
1.0,-0.058158882086912021,0.61497932238137165,-0.16118554294940154,-0.10178691602846034,-0.16156097120806409,-0.011450334374918662,-0.15004102166836042,1.3909039492302724,-0.014349126025292392,-0.15893340385255744,-0.081858419396457466,-0.11997121264690072,-0.15064773644545468,-0.15996193136625766,0.0068745907296859973,-0.1642800660962081,0.051682121396625119,-0.072660971439653069,2.1739813112621795
1.0,0.023737251055319864,-0.14611021751513376,-0.16118554294940154,-0.14390206974992548,0.59776548611192482,0.050329418441962481,0.090562903879884485,0.15515423998188896,-0.014349126025292392,0.45956343375924952,-0.056130170089779864,-0.11997121264690072,-0.23809004629608552,-0.1126094092451714,-0.25810172283859095,-0.1642800660962081,-1.3115798354508814,0.23425975807211041,0.047544748965904014
0.0,-0.042314020159245729,1.5181269217033324,-0.16118554294940154,-0.12230062394871066,-0.12895364698330786,-0.11647591416361661,-0.15004102166836042,-0.10711590223774528,-0.014349126025292392,-0.13548066968328026,0.028540546165172879,-0.11997121264690072,9.720617464470207,-0.15882587061575437,1.8490908660138974,-0.1642800660962081,0.16206733039918428,-0.085474104309509469,0.034000567040450035
0.0,-0.024528943269939499,-0.50709952675133807,-0.16118554294940154,-0.12175955836067809,-0.15705158476561715,-0.067052111910111692,-0.12691454232796182,-0.58498890158455219,-0.014349126025292392,-0.14873555763266608,-0.10024861700095206,-0.11997121264690072,-0.22768024750434376,-0.15995975864667747,-0.25810172283859095,-0.1642800660962081,0.14472108327021069,-0.16542728222688619,-0.52131089190316326
0.0,-0.12407989793446225,-0.55295371048993436,-0.16118554294940154,-0.15338011155598918,0.04047078889001491,-0.16589971641712151,0.025662509487897511,-0.65125644641584768,-0.014349126025292392,0.039214125905743559,-0.12111179580901697,-0.11997121264690072,-0.25058180484617565,-0.1600461242499909,-0.30857340161350083,-0.1642800660962081,0.16206733039918428,-0.13185182182120281,-0.52131089190316326
0.0,-0.16716900873517734,-0.55295371048993436,-0.16118554294940154,-0.16161732644598972,-0.16156097120806409,-0.16589971641712151,-0.1616042154627006,-0.65125644641584768,-0.014349126025292392,-0.16241063086065322,-0.10006141001264439,-0.11997121264690072,-0.25058180484617565,-0.16009392408075554,-0.30857340161350083,0.68625108296909831,0.11949017835534002,-0.16542728222688619,-0.52131089190316326
0.0,-0.058470678035133457,-0.55295371048993436,-0.16118554294940154,-0.12136248483621882,-0.16156097120806409,-0.10411996360024037,-0.1146517416820593,-0.65125644641584768,-0.014349126025292392,-0.14829131289100478,-0.12647377374573024,-0.11997121264690072,-0.25058180484617565,-0.0633886198750504,-0.30857340161350083,-0.1642800660962081,0.16206733039918428,-0.16542728222688619,-0.52131089190316326
1.0,0.33717704923957598,1.0775671171560344,-0.16118554294940154,0.15973872513231699,0.57689033092550734,0.52603351513194729,0.46631444959240409,1.2546354767602845,-0.014349126025292392,0.55754319664291896,-0.096839600855843408,-0.11997121264690072,-0.17563125354563491,-0.15408581126157453,0.069964189198323368,-0.1642800660962081,0.16206733039918428,0.30915150380120726,0.67057711753678728
0.0,-0.16716900873517734,-0.55295371048993436,-0.16118554294940154,-0.16260733686142428,-0.16156097120806409,-0.16589971641712151,-0.1616042154627006,-0.65125644641584768,-0.014349126025292392,-0.16241063086065322,-0.16168486592927617,-0.11997121264690072,-0.25058180484617565,-0.16009392408075554,-0.30857340161350083,0.79154053899264942,0.11421944231862355,-0.16542728222688619,-0.52131089190316326
0.0,-0.16716900873517734,-0.27737905723738987,-0.16118554294940154,-0.16265482676583642,-0.10684004183127585,-0.16589971641712151,-0.12435310960992048,-0.10711590223774528,-0.014349126025292392,-0.11185077288520938,-0.16464088738662799,-0.11997121264690072,-0.23323214019327271,-0.16009392408075554,-0.081450847126406323,-0.1642800660962081,0.16206733039918428,-0.16542728222688619,0.0069122031895420648
0.0,-0.16716900873517734,-0.55295371048993436,0.044699618864285327,-0.14170030559681293,-0.12756416934099202,-0.16589971641712151,-0.14244563092920873,-0.65125644641584768,-0.014349126025292392,-0.13219724275377767,-0.16464088738662799,-0.11997121264690072,-0.25058180484617565,-0.16009392408075554,-0.30857340161350083,-0.1642800660962081,0.16206733039918428,-0.16542728222688619,-0.52131089190316326
0.0,-0.16416678137348187,-0.55295371048993436,-0.12704390894284195,-0.12007884645824227,-0.16156097120806409,-0.16589971641712151,-0.1616042154627006,-0.65125644641584768,-0.014349126025292392,-0.16241063086065322,-0.16464088738662799,-0.11997121264690072,-0.25058180484617565,0.024813474663547851,-0.30857340161350083,-0.1642800660962081,0.16206733039918428,-0.075053392309426981,-0.52131089190316326
0.0,0.13012048549353328,-0.14925707326190019,-0.16118554294940154,-0.11116633923708963,-0.16045624806007225,-0.12883186472699282,-0.1616042154627006,0.028219224530393387,-0.014349126025292392,-0.16161606157487207,-0.091484556511289686,-0.078515565738826593,-0.20408470357639574,-0.16009392408075554,-0.30857340161350083,-0.1642800660962081,0.16206733039918428,-0.16542728222688619,-0.42650161842498541
0.0,-0.16716900873517734,-0.55295371048993436,-0.16118554294940154,-0.14921002267825442,-0.16156097120806409,-0.16589971641712151,-0.1616042154627006,-0.65125644641584768,-0.014349126025292392,-0.16241063086065322,-0.16464088738662799,-0.11997121264690072,-0.25058180484617565,-0.061752290441203291,-0.30857340161350083,-0.1642800660962081,0.16206733039918428,-0.16542728222688619,-0.52131089190316326
0.0,-0.16716900873517734,-0.55295371048993436,0.12133105176464179,-0.13390093351590382,-0.16156097120806409,-0.16589971641712151,-0.11909922272019439,-0.65125644641584768,-0.080028524789691816,-0.15223764424651534,-0.16464088738662799,-0.11997121264690072,-0.25058180484617565,-0.16009392408075554,-0.30857340161350083,-0.1642800660962081,0.16206733039918428,-0.16542728222688619,-0.52131089190316326
0.0,0.016340380074078308,5.1806174601184711,-0.16118554294940154,-0.097768468096479419,-0.083992972320968806,-0.042340210783359228,0.21747663309779156,2.7451885626135084,-0.014349126025292392,0.0073752893036968248,-0.067679223430192004,-0.11997121264690072,4.4400735307126649,-0.15975959685535043,4.5745615198590315,-0.1642800660962081,0.16206733039918428,-0.091274346909996584,1.3748745776603943
0.0,11.952584124565181,-0.55295371048993436,11.54346332085909,11.343587784847747,11.798051068187821,11.861829723824188,11.795690642472076,-0.65125644641584768,-5.2772502682618114,11.826196627295863,11.934935048098456,8.5779417042534014,-0.25058180484617565,11.427994333511126,-0.30857340161350083,11.583692980791348,-11.609365521489794,11.828050679222363,-0.52131089190316326
0.0,-0.16716900873517734,-0.32053593605018638,-0.16118554294940154,-0.16265482676583642,-0.11074869334429879,-0.16589971641712151,-0.110207655457499,-0.64192298939735537,-0.014349126025292392,-0.11040830874670535,-0.16464088738662799,-0.11997121264690072,-0.22559828774599541,-0.16009392408075554,-0.30857340161350083,-0.1642800660962081,0.16206733039918428,-0.16542728222688619,-0.52131089190316326
0.0,-0.04916944635704016,-0.37313338210328217,0.14208855234385029,-0.12424722733316002,-0.097564671504305533,-0.12574287708614876,-0.12598922624953479,-0.33671894489265641,-0.014349126025292392,-0.10567149159226324,-0.16464088738662799,-0.11997121264690072,-0.22976220726269211,-0.15970690840553031,-0.22024796375740854,-0.1642800660962081,-0.083229629758597892,-0.11599199201562645,-0.22333888954317566
0.0,-0.023051656790375057,-0.55295371048993436,-0.16118554294940154,-0.090831117611217052,-0.11180473624800971,-0.11029793888192849,1.1088886166016136,-0.65125644641584768,-0.014349126025292392,0.2554327956235487,0.023381953598472879,-0.11997121264690072,-0.25058180484617565,0.13470691513119187,-0.30857340161350083,-0.1642800660962081,0.16206733039918428,-0.16542728222688619,-0.52131089190316326
0.0,-0.16716900873517734,-0.55295371048993436,-0.16118554294940154,-0.16265482676583642,0.035122368323917824,-0.16589971641712151,-0.074373104382590427,-0.65125644641584768,-0.014349126025292392,0.0052850682681067351,-0.16464088738662799,-0.11997121264690072,-0.25058180484617565,-0.16009392408075554,-0.30857340161350083,-0.1642800660962081,0.16206733039918428,-0.16542728222688619,-0.52131089190316326
0.0,-0.075511438541494766,0.75164277195522733,0.88574321183397331,0.0038547290760520881,-0.095213864530484901,0.34996121960383603,-0.15004102166836042,0.66196095608602201,-0.10188854804061627,-0.11469064485123472,-0.13258920203044716,-0.11997121264690072,1.2727187516787031,-0.16005264240873152,0.51159137847878489,-0.1642800660962081,-1.1335627653089295,-0.09008666406267106,0.11526565859317393
0.0,-0.05454758607527016,0.85683766406141892,-0.092793193902270935,-0.10411819135169761,-0.15077869989146203,-0.091764013036864142,-0.14205531911982563,1.6606408570647004,-0.014349126025292392,-0.14877686155032752,0.10423688296829045,-0.11997121264690072,-0.15619962913438362,-0.15944183661674444,-0.23286588345113601,-0.1642800660962081,0.16206733039918428,-0.061079766001861241,-0.1962505256922677
0.0,-0.16716900873517734,-0.55295371048993436,-0.16118554294940154,-0.15954514772399395,-0.14499856343163969,-0.16589971641712151,-0.15755860695044654,-0.65125644641584768,-0.0449764974212764,-0.15049816162195553,-0.16464088738662799,-0.11997121264690072,-0.25058180484617565,-0.16009392408075554,-0.30857340161350083,0.74925339030726912,0.15155445335132151,-0.16542728222688619,-0.52131089190316326
0.0,-0.16716900873517734,-0.55295371048993436,-0.16118554294940154,-0.15949903164793464,-0.16156097120806409,-0.16589971641712151,-0.1616042154627006,-0.65125644641584768,-0.014349126025292392,-0.16241063086065322,-0.16137516547948325,-0.11997121264690072,-0.25058180484617565,-0.16009392408075554,-0.30857340161350083,0.74781693769995883,0.15155445335132151,-0.16542728222688619,-0.52131089190316326
0.0,-0.16716900873517734,0.11507880946647855,-0.16118554294940154,-0.16082473887790411,-0.16156097120806409,-0.16589971641712151,-0.1616042154627006,0.05901963269141805,-0.014349126025292392,-0.16241063086065322,-0.050726590600109346,-0.11997121264690072,-0.22212835481541482,-0.16009392408075554,-0.29595548191977339,-0.1642800660962081,0.16206733039918428,-0.16542728222688619,-0.34523652687226153
0.0,-0.16716900873517734,-0.55295371048993436,-0.095890146737465515,-0.15587977367868625,-0.15167082578665261,-0.16589971641712151,-0.1616042154627006,-0.65125644641584768,-0.014349126025292392,-0.15529716917747241,-0.15658405329723901,-0.11997121264690072,-0.25058180484617565,-0.16009392408075554,-0.30857340161350083,-0.1642800660962081,0.16206733039918428,-0.16542728222688619,-0.52131089190316326
0.0,-0.16716900873517734,-0.22972667021492704,-0.16118554294940154,-0.16265482676583642,-0.13259963999941088,-0.16589971641712151,-0.12825907200701678,-0.10151582802664988,-0.014349126025292392,-0.13155287956535719,-0.16464088738662799,-0.11997121264690072,-0.22698626091822766,-0.16009392408075554,-0.24548380314486348,-0.1642800660962081,0.16206733039918428,-0.16542728222688619,-0.047264524512273871
0.0,-0.13249521157626989,-0.55295371048993436,-0.14244658872867244,-0.1480077743475581,-0.0019529890703658427,-0.1535437658537453,-0.14311780401701799,-0.65125644641584768,-0.11177768886942412,-0.045923898569663925,-0.14520602856342893,-0.11997121264690072,-0.25058180484617565,-0.105218632003133,-0.30857340161350083,-0.1642800660962081,0.077964314016282066,-0.1268059617493395,-0.52131089190316326
0.0,-0.047902293100221753,-0.55295371048993436,-0.16118554294940154,-0.074724205480841743,0.15268381562358241,-0.042340210783359228,-0.15004102166836042,-0.65125644641584768,-0.014349126025292392,0.067086351673668387,-0.081872286580776554,-0.11997121264690072,-0.25058180484617565,-0.05833215823200219,-0.30857340161350083,-0.1642800660962081,0.16206733039918428,0.0063262409069956308,-0.52131089190316326
0.0,-0.16716900873517734,-0.31783863112438659,-0.16118554294940154,0.41124488759403782,-0.061649852668123013,-0.16589971641712151,-0.40057064809555765,-0.21911738645965315,10.721720867715973,-0.16241063086065322,-0.16464088738662799,-0.11997121264690072,-0.23045619384880822,-0.12265144755496341,-0.29595548191977339,0.9938199470864032,0.16206733039918428,-0.16542728222688619,-0.52131089190316326
0.0,-0.048346613672723623,-0.41269385434834566,-0.16118554294940154,-0.1449228984770583,-0.16156097120806409,-0.12883186472699282,-0.13340882069654308,-0.46832068885339811,-0.22780300435875303,-0.16241063086065322,-0.16464088738662799,-0.11997121264690072,-0.2401720060544339,-0.15994726550909125,-0.22024796375740854,-0.1642800660962081,0.094872384429900716,-0.14688904839766379,-0.12852961606499777
0.0,-0.054606132912709118,-0.063842417278240388,-0.16118554294940154,-0.12349563183268271,-0.12989525870601804,-0.10411996360024037,-0.14425937889533119,-0.62978949527331529,-0.014349126025292392,-0.13441929419590512,-0.16325416895471939,-0.11997121264690072,-0.16383348158166092,-0.15976394229451085,-0.30857340161350083,-0.1642800660962081,0.16206733039918428,-0.09008666406267106,-0.52131089190316326
0.0,-0.16716900873517734,-0.55295371048993436,-0.16118554294940154,-0.16060904782651231,-0.15416656102122445,-0.16589971641712151,-0.1616042154627006,-0.65125644641584768,-0.014349126025292392,-0.15709222033254,-0.037300844981847561,-0.11997121264690072,-0.25058180484617565,-0.16009392408075554,-0.30857340161350083,-0.1642800660962081,0.16206733039918428,-0.16542728222688619,-0.52131089190316326
0.0,-0.063108132182042656,0.43246168906891969,-0.16118554294940154,-0.13249766067974439,-0.14619819195737066,-0.11647591416361661,-0.14353068674908753,-0.28258489418540095,-0.014349126025292392,-0.14592600831561198,-0.03156214187113246,-0.11997121264690072,-0.21935240847095036,-0.16000429939807181,-0.28333756222604589,-0.1642800660962081,0.16206733039918428,-0.13453022584484886,-0.37232489072316949
0.0,-0.061899979614116224,-0.45899758890790859,-0.16118554294940154,-0.10449105579275053,-0.13715387057547829,-0.060874136628423572,-0.13775730163069971,-0.48512091148668429,-0.014349126025292392,-0.13768475930149479,-0.052767377892401504,-0.11997121264690072,-0.22004639505706647,-0.14357745301187952,0.032110430117140945,-0.1642800660962081,0.16206733039918428,-0.072660971439653069,-0.38586907264862347
0.0,-0.066866476064461444,-0.47383276599980739,-0.16118554294940154,-0.15077525873806183,-0.16156097120806409,-0.15725055102275814,-0.1616042154627006,-0.54485503640503519,-0.014349126025292392,-0.16241063086065322,-0.099548324192838211,-0.11997121264690072,-0.24086599264055,-0.15988371346137004,-0.27071964253231845,-0.1642800660962081,0.16206733039918428,-0.16542728222688619,-0.38586907264862347
1.0,-0.095277577023212295,-0.55295371048993436,-0.16118554294940154,-0.14927670904910992,0.15716427779164965,-0.16589971641712151,0.16651882980920255,-0.65125644641584768,-0.014349126025292392,0.16550324078813958,-0.039958721976339047,-0.11997121264690072,-0.25058180484617565,-0.11991219134421122,-0.30857340161350083,-0.1642800660962081,0.16206733039918428,-0.16542728222688619,-0.52131089190316326
1.0,-0.16716900873517734,-0.55295371048993436,-0.15744285957842014,-0.15927249849170441,1.0186592896919253,-0.16589971641712151,-0.1616042154627006,-0.65125644641584768,-0.014349126025292392,0.6864597594017775,0.015581662418986989,-0.11997121264690072,-0.25058180484617565,-0.1593182631906199,-0.30857340161350083,-0.1642800660962081,0.16206733039918428,-0.16542728222688619,-0.52131089190316326
0.0,-0.053660760336078479,0.60329100103623934,-0.16118554294940154,-0.1102835988246626,-0.10210052711030947,-0.091764013036864142,-0.13269618510099102,1.123967078501392,-0.014349126025292392,-0.11095077790177665,-0.15660947646849069,-0.11997121264690072,-0.20686064992086023,-0.15996546203557552,-0.13192252590131623,-0.1642800660962081,0.16206733039918428,-0.027894350035944697,3.6096645953603019
0.0,0.056296100443176539,0.42751663003828677,-0.16118554294940154,-0.142196628937139,0.17724098490520437,-0.067052111910111692,0.002390970680965129,0.65636088187492669,-1.2558784183336835,0.081271805575604414,-0.046483232198469025,-0.11997121264690072,0.38025200193337549,-0.15806188809336236,-0.05621500773895137,-0.1642800660962081,-0.37787403477904791,-0.045793879915637624,0.34551675132589166
0.0,0.3143365210151336,0.91932522817578055,2.1835058108339864,0.47794016976859466,0.23868032504825054,0.081219294850403051,0.2227131789127707,2.129180399393015,-0.014349126025292392,0.24103193779029475,0.036403239674094652,0.087307021893469922,-0.23600808653773717,1.8571732735559066,-0.23286588345113601,-0.1642800660962081,-1.2538115760728754,0.23425975807211041,2.7563811340567006
0.0,-0.04831484407101256,-0.55295371048993436,-0.16118554294940154,-0.046682066709154847,0.42782547696583972,-0.042340210783359228,0.61404306536142961,-0.65125644641584768,-0.014349126025292392,0.49475290927705357,-0.09057394474100304,-0.11997121264690072,-0.25058180484617565,0.33676820655121598,-0.30857340161350083,-0.1642800660962081,0.16206733039918428,-0.16542728222688619,-0.52131089190316326
0.0,-0.058393977139573887,-0.55295371048993436,-0.066166477018125433,-0.13192206373041135,-0.16156097120806409,-0.11647591416361661,-0.1482271819505197,-0.65125644641584768,-0.071850204629659256,-0.16067200356104167,0.13383176550260653,-0.11997121264690072,-0.25058180484617565,-0.16007518437437623,-0.30857340161350083,-0.1642800660962081,0.077274248766860343,-0.16542728222688619,-0.52131089190316326
0.0,-0.16716900873517734,0.63790641425066985,-0.16118554294940154,-0.16265482676583642,-0.16156097120806409,-0.16589971641712151,-0.1297972895632715,-0.11831605065993607,-0.014349126025292392,-0.15284580787583643,-0.16464088738662799,-0.11997121264690072,0.48573796302302541,-0.16009392408075554,0.17090754674814315,-0.1642800660962081,0.16206733039918428,-0.16542728222688619,-0.047264524512273871
0.0,-0.16716900873517734,-0.55295371048993436,-0.14272895903076227,-0.16077635784158745,-0.15479491594740355,-0.16589971641712151,-0.1616042154627006,-0.65125644641584768,-0.014349126025292392,-0.15754416299873542,-0.16464088738662799,-0.11997121264690072,-0.25058180484617565,-0.16009392408075554,-0.30857340161350083,-0.1642800660962081,0.16206733039918428,-0.16542728222688619,-0.52131089190316326
0.0,-0.028931302364186836,0.23600798030650216,-0.16118554294940154,-0.026150499020317939,-0.12549167219558588,0.14299904766728419,-0.033872794931859317,0.84583005935032074,-0.014349126025292392,-0.098057112991818823,0.057058410717373283,-0.11997121264690072,-0.1985328108874668,-0.051055720357872446,0.15828962705441568,-0.1642800660962081,0.16206733039918428,-0.072897519303313937,0.047544748965904014
1.0,-0.026499566278931453,0.51427993848484643,-0.16118554294940154,-0.1037130976400976,-0.13579239654098363,-0.079408062473487917,-0.047068894055675506,1.4683716424837587,-0.014349126025292392,-0.10943414881292261,0.12892047105626359,-0.11997121264690072,-0.20824862309309247,-0.11923104375581478,-0.11930460620758875,-0.1642800660962081,0.16206733039918428,-0.091274346909996584,0.19653075014589785
0.0,-0.16716900873517734,-0.55295371048993436,-0.16118554294940154,-0.16251558740575395,-0.16156097120806409,-0.16589971641712151,-0.1616042154627006,-0.65125644641584768,-0.014349126025292392,-0.16241063086065322,-0.16464088738662799,-0.11997121264690072,-0.25058180484617565,-0.16009392408075554,-0.30857340161350083,0.88604399999990557,0.11106557920426471,-0.16542728222688619,-0.52131089190316326
0.0,-0.1284672799307601,-0.32997650329048567,-0.16118554294940154,-0.089151445362669848,-0.078502577299329052,-0.16589971641712151,0.17373069836612073,-0.24338437470773316,-0.014349126025292392,-0.0018308214342819802,-0.099712419207280731,-0.11997121264690072,-0.23739605970996941,0.26188325349963171,-0.24548380314486348,-0.1642800660962081,0.16206733039918428,-0.088184641271792846,-0.14207379799045175
0.0,-0.054914298049306427,-0.34616033284528436,-0.16118554294940154,-0.14782516656812189,-0.13887996692824725,-0.12883186472699282,-0.10868255839695228,-0.29751842541498863,-0.014349126025292392,-0.13018303527407088,-0.16464088738662799,-0.11997121264690072,-0.23739605970996941,-0.11879731460961497,-0.16977628498249864,-0.1642800660962081,-0.079728841701659586,-0.097453758186404046,-0.38586907264862347
0.0,-0.0085538259752578477,0.13126263902127724,-0.13001901206111405,0.14950184737905167,-0.082141742038456506,-0.16589971641712151,-0.1616042154627006,-0.20605054663376388,-0.014349126025292392,-0.1052885543356011,-0.14566364564595877,-0.11997121264690072,-0.090964890039468532,0.60536984988507292,-0.30857340161350083,-0.1642800660962081,0.16206733039918428,1.1064028330375288,-0.41295743649953143
0.0,-0.017150226346818551,1.0308138317755049,0.075795374767294491,-0.075186443025819616,-0.064015850640158981,-0.05469616134673546,-0.078875636451668132,1.526239075998411,-0.014349126025292392,-0.067373820394834971,-0.16464088738662799,-0.11997121264690072,0.48018607033409649,-0.051302595620174023,0.58729889664114976,-0.1642800660962081,-0.13013262045009671,0.024864474736218032,1.5915814884676582
0.0,-0.16716900873517734,-0.55295371048993436,-0.16118554294940154,-0.15822545563438004,-0.16156097120806409,-0.16589971641712151,-0.1616042154627006,-0.65125644641584768,-0.014349126025292392,-0.16241063086065322,-0.16464088738662799,-0.11997121264690072,-0.25058180484617565,-0.16009392408075554,-0.30857340161350083,0.83780943350180204,0.16206733039918428,-0.16542728222688619,-0.52131089190316326
1.0,0.021265122190746128,0.29759644277893055,-0.16118554294940154,-0.093266915280756257,-0.16156097120806409,-0.042340210783359228,0.067964363926225485,0.82809649101518534,-0.014349126025292392,-0.093375891959011859,-0.093747218752687225,-0.11997121264690072,-0.21657646212648587,-0.076472737187086623,-0.15715836528877117,-0.1642800660962081,0.063246286149274175,-0.078915524357181646,0.26425165977316778
0.0,-0.046801249475206905,-0.31334312291472033,-0.078207709822746954,-0.12208370759095014,-0.039524700823003078,-0.091764013036864142,-0.10987478022373269,-0.37125273586107799,-0.014349126025292392,-0.059080534514512381,-0.16464088738662799,-0.11997121264690072,-0.23045619384880822,-0.16009392408075554,-0.30857340161350083,-0.1642800660962081,0.16206733039918428,-0.16542728222688619,-0.52131089190316326
0.0,-0.040725540073692564,-0.16409225035379899,-0.16118554294940154,-0.13013742356960994,-0.13217943243766694,-0.067052111910111692,-0.13269618510099102,0.069286435411759606,-0.014349126025292392,-0.13258495327547351,0.057853462618334218,-0.11997121264690072,-0.23531409995162106,-0.15985193743750944,-0.16977628498249864,-0.1642800660962081,0.035912805824830953,-0.16542728222688619,2.0249953100821858
1.0,-0.042371205442325643,-0.16049584378606593,-0.16118554294940154,-0.11541429076498252,-0.14680237938638904,-0.091764013036864142,-0.12547073728977365,0.16448769700038129,-0.014349126025292392,-0.14092966901719953,0.12651913697167519,-0.11997121264690072,-0.23947801946831776,-0.1056922848716192,-0.23286588345113601,-0.1642800660962081,0.16206733039918428,-0.14787206914351467,0.18298656822044385
